[
  {
    "_id": "c7c4add9c9864221ae25793da567cf80",
    "bot_id": "10784315",
    "user_id": "b6dc6f19-8f6d-4fbb-1a1e-06f1452778a2",
    "issued_time": "2025-11-20T21:51:15.267000",
    "total_duration": 12.257632,
    "logs": [
      {
        "WAS": "AI Service",
        "STEP": "01. Task WAS 메세지큐 수신",
        "BODY": {
          "type": "text",
          "text": "보안가이드에 대해 알면 알려줘"
        },
        "_issued_time": "2025-11-20T21:51:15.267000",
        "_duration": 0
      },
      {
        "WAS": "AI Service",
        "STEP": "02. DB 대화이력 조회",
        "BODY": {
          "result": "success",
          "detail": []
        },
        "_issued_time": "2025-11-20T21:51:15.349000",
        "_duration": 0.082641
      },
      {
        "WAS": "AI Service",
        "STEP": "03. DB 사용자 질의 저장",
        "BODY": {
          "result": "success",
          "detail": null
        },
        "_issued_time": "2025-11-20T21:51:15.382000",
        "_duration": 0.033213
      },
      {
        "WAS": "AI Service",
        "STEP": "04. NAVERWORKS 답변생성중 메세지 발신",
        "BODY": {
          "result": "success",
          "detail": null
        },
        "_issued_time": "2025-11-20T21:51:15.711000",
        "_duration": 0.329566
      },
      {
        "WAS": "AI Service",
        "STEP": "05_01. LLM WAS 의도분석 API 요청",
        "BODY": {
          "result": "success",
          "detail": {
            "response_code": "C20000",
            "response_message": "OK",
            "llm_result": {
              "answer": "{\"intent\": {\"no\": \"201\", \"intent_name\": \"질의응답\"}}",
              "finish_reason": "stop",
              "annotations": [],
              "token_count": 22,
              "processing_time": 0.31
            }
          }
        },
        "_issued_time": "2025-11-20T21:51:16.101000",
        "_duration": 0.390146
      },
      {
        "WAS": "AI Service",
        "STEP": "05_02. 의도분석 API 요청 결과 파싱",
        "BODY": {
          "result": "success",
          "detail": {
            "no": "201",
            "intent_name": "질의응답"
          }
        },
        "_issued_time": "2025-11-20T21:51:16.128000",
        "_duration": 0.027258
      },
      {
        "WAS": "AI Service",
        "STEP": "06_01. LLM WAS 질의확장 API 요청",
        "BODY": {
          "result": "success",
          "detail": {
            "response_code": "C20000",
            "response_message": "OK",
            "llm_result": {
              "answer": "{\n  \"query_complete\": \"부산광역시 보안가이드에 대해 알려주세요.\",\n  \"search_queries\": [\n    \"부산광역시 정보보안 가이드라인\",\n    \"부산시 사이버 보안 정책\",\n    \"부산시 정보보호 규정\"\n  ]\n}",
              "finish_reason": "stop",
              "annotations": [],
              "token_count": 66,
              "processing_time": 0.99
            }
          }
        },
        "_issued_time": "2025-11-20T21:51:17.183000",
        "_duration": 1.055669
      },
      {
        "WAS": "AI Service",
        "STEP": "06_02. 질의확장 API 요청 결과 파싱",
        "BODY": {
          "result": "success",
          "detail": [
            "보안가이드에 대해 알면 알려줘",
            "부산광역시 보안가이드에 대해 알려주세요.",
            "부산광역시 정보보안 가이드라인",
            "부산시 사이버 보안 정책",
            "부산시 정보보호 규정"
          ]
        },
        "_issued_time": "2025-11-20T21:51:17.207000",
        "_duration": 0.024412
      },
      {
        "WAS": "AI Service",
        "STEP": "06_05. RAG 검색 API 요청",
        "BODY": {
          "result": "success",
          "detail": {
            "ref_docs": [
              {
                "id": "eaa1ae48-6b58-46ea-b702-0162af9e543a",
                "passage": "[파일명: 316_페이지32_문서6_162615_부산광역시_개인정보_보호_조례.pdf]\n[페이지: 1]\n부산광역시 개인정보 보호 조례"
              },
              {
                "id": "2131ccac-3d33-4cf4-8bb9-321646d3ab1d",
                "passage": "[파일명: 337_2307_부산광역시_업무매뉴얼_부산광역시_부산광역시_정보보안업무지침.pdf]\n[페이지: 11]\n제1장 총칙 제1조 (목적) 이 지침은 「국가정보원법」 및 「보안업무규정」, 「사이버안보 업무규정」, 「전자정부법」 등에 따라 부산광역시가 수행하여야 할 정보보안과 관련한 기본업무를 규정함을 목적으로 한다. 제2조 (정의) 이 지침에서 사용하는 용어의 정의는 다음과 같다. 1. “정보보안”이란 정보통신망 및 정보시스템을 통해 수집, 가공, 저장, 검색, 송ᆞ수신 되는 정보의 유출. 위ᆞ변조, 훼손 등을 방지하기 위한 관리적ᆞ물리적ᆞ기술적 수단을 강구하는 일체의 행위를 말하며 「공공기록물 관리에 관한 법률 시행령」제5조에 따른 전자기록물의 보안과 「국가사이버안전관리규정」 제2조제3호에 따른 사이버안전을 포함한다. 2. “정보보안담당관”이란 시본청, 직속기관, 사업소(이하 “시”라 한다)등의 정보보안업무를 총괄하는 사람으로 정보보안 전담조직을 담당하는 부서의 장을 말한다. 3. “분임정보보안담당관”이란 정보보안담당관이 직무를 효율적으로 수행할 수 있도록 부서의 정보보안업무를 수행하는 사람으로 부서의 장을 말한다. 4. “정보화사업담당관”이란 정보통신망 또는 정보시스템을 개발ᆞ구축ᆞ운영ᆞ유지보수하는 사업(이하 “정보화사업”이라 한다)을 추진하는 부서의 장을 말한다. 5. “정보통신망”이란 「사이버안보 업무규정」 제2조제1호에 따른 정보통신망을 말한다. 6. “내부망”이란 부산광역시장(이하 “시장”이라 한다)이 업무수행을 위하여 인터넷과 별도로 분리하여 구축한 업무 전용(專用) 정보통신망을 말한다. 7. “시 인터넷망”이란 시장이 소속 공무원등의 업무 활용 또는 공개 서버 운용을 주(主)목적 으로 인터넷과 연동하여 구축한 정보통신망을 말한다. 7의2. “상용 인터넷망”이란 시장이 기관 인터넷망과 별개로 소속 공무원등이나 민원인 등의 보편적인 편의성을 위하여 인터넷에 연동하여 구축한 정보통신망을 말한다. 8. “정보시스템”이란 「전자정부법」제2조 제13호에 따른 정보시스템을 말한다. 9. “휴대용 저장매체”란 CDᆞ외장형 하드디스크ᆞUSB메모리 등 정보를 저장할 수 있는 것으로 PCᆞ서버 등의 정보시스템과 분리할 수 있는 기억장치를 말한다. 10. “업무자료”라 함은 다음 각 목의 어느 하나에 해당하는 것을 말한다. 가. 「전자정부법」 제2조제6호에 따른 행정정보 및 같은 법 제2조제7호에 따른 전자문서 나. 「공공기록물 관리에 관한 법률 시행령」 제2조제2호에 따른 전자기록물 - 1 -"
              },
              {
                "id": "158fadfb-0720-4d91-b8c2-17bed98df2b1",
                "passage": "[파일명: 345_2409_정보화정책과_업무매뉴얼_정보화정책과_부산광역시_사이버안전_위기대응_실무_매뉴얼.pdf]\n[페이지: 8]\n<table border=\"1\" class=\"table table-striped table-hover\"><thead><tr><th>4</th><th>경보 단계별 조치 사항</th></tr></thead><tbody></tbody></table> <table border=\"1\" class=\"table table-striped table-hover\"><thead><tr><th>경보 단계</th><th>단계별 조치 사항</th></tr></thead><tbody><tr><td>관심 단계</td><td>l 입수한 사이버 위협 정보와 사고 발생 신고ü 국가정보원(국가사이버안보센터 ☎02-557-0716, reply@ncsc.go.kr)ü 행정안전부(사이버침해대응지원센터 ☎02-2031-9900, lcsc@klid.or.kr)부산광역시ü (사이버침해대응센터 ☎888-6661~3, bcsc@korea.kr)※ [붙임 2] 신고 [서식 1] 참조l “관심” 경보 발령 접수 즉시 내용 전파ü 직속 기관, 사업소, 구·군과 공사·공단l 자체 ‘긴급대응반’ 운영 준비ü 긴급대응반 운영계획 (반별 인원, 역할, 연락처 등) 수립ü 상급 기관과 긴급대응반 비상 연락망 현행화ü 도입 운영 중인 장비 제조사, 서비스 업체 연락 체계 점검l 기술·관리적 보안대책 시행ü 국가 사이버안보센터 보안 권고문 등 보호 대책 이행 확인ü 요주의 악성코드·해킹기법과 보안 취약점 발표 시 감시 강화ü 업무수행에 불필요한 서비스 차단F 해당 프로세서 실행을 중지시키거나 서비스 포트 차단ü 정보보호시스템, 네트워크 장비 설정 확인F 스위치, 침입차단시스템의 IP, 포트 허용과 차단규칙 확인F 라우터 수신 속도·접속 제한 설정 등l 지속적인 국가정보원 동향 모니터링 (정보공유시스템 활용)l 필요시 대시민 홍보자료 배포 (국가정보원 배포자료 이용)l 상황 조치 결과 통보 ※ [붙임 2] 신고 [서식 3] 참조ü 국가정보원(국가사이버안보센터 ☎02-557-0716, reply@ncsc.go.kr)행정안전부ü (사이버침해대응지원센터 ☎02-2031-9900, lcsc@klid.or.kr)부산광역시ü (사이버침해대응센터 ☎888-6661~3, bcsc@korea.kr)</td></tr><tr><td>주의 단계</td><td>l “관심” 단계 경보 조치 지속적 추진l 기술·관리적 보안대책 시행ü 공격 대상 시스템, 서비스 포트, 스캐닝 감시 강화ü 웜·바이러스, 해킹 등 악성코드의 예상 유입경로 차단l 부산시 사이버침해대응센터는 상급 기관과 협조 강화</td></tr></tbody></table> - 8 -"
              }
            ],
            "total_docs": {
              "results": [
                {
                  "query": "보안가이드에 대해 알면 알려줘",
                  "retrieved_documents": [
                    {
                      "id": "3ae2ef74-0177-4aa0-b6ba-9297abe10a9f",
                      "score": 0.005645513068884611,
                      "payload": {
                        "file": "176_2305_사회재난과_업무매뉴얼_행정안전부_2023년_안전한국훈련_가이드북평가위원용.pdf",
                        "page_num": 150,
                        "group": "내부자료",
                        "parent_text": "안전한국 훈 련 가이드북 가이드",
                        "text": "안전한국 훈 련 가이드북 가이드",
                        "chunk_index": 1,
                        "parent_id": "1c70892a-aeb3-4052-b173-a962a438a86c",
                        "parent_idx": 1,
                        "parent_table_statuses": [
                          0
                        ],
                        "child_idx": 0,
                        "child_table_statuses": [
                          0
                        ],
                        "dept": "사회재난과",
                        "service": [
                          "안전지키미"
                        ],
                        "ner": null,
                        "summary": "",
                        "file_path": "/data/uploads/internal/176_2305_사회재난과_업무매뉴얼_행정안전부_2023년_안전한국훈련_가이드북평가위원용.pdf",
                        "retrival_keyword": null,
                        "child_chunk_length": 9,
                        "parent_chunk_length": 9,
                        "file_index": "1261797"
                      }
                    }
                  ]
                },
                {
                  "query": "부산광역시 보안가이드에 대해 알려주세요.",
                  "retrieved_documents": [
                    {
                      "id": "7b4b3ae8-b588-413a-9291-7c6f356e4461",
                      "score": 0.6454830169677734,
                      "payload": {
                        "file": "776_페이지78_문서6_163407_부산광역시_보안업무규정.pdf",
                        "page_num": 1,
                        "group": "자치법규정보시스템",
                        "parent_text": "부산광역시 보안업무규정",
                        "text": "부산광역시 보안업무규정",
                        "chunk_index": 0,
                        "parent_id": "d17b64e3-8c0c-487a-b0d8-68b55e39eec2",
                        "parent_idx": 0,
                        "parent_table_statuses": [
                          0
                        ],
                        "child_idx": 0,
                        "child_table_statuses": [
                          0
                        ],
                        "dept": "조직담당관",
                        "service": [],
                        "ner": null,
                        "summary": "",
                        "file_path": "/data/uploads/external/776_페이지78_문서6_163407_부산광역시_보안업무규정.pdf",
                        "retrival_keyword": null,
                        "child_chunk_length": 7,
                        "parent_chunk_length": 7,
                        "file_index": "1167463"
                      }
                    }
                  ]
                },
                {
                  "query": "부산광역시 정보보안 가이드라인",
                  "retrieved_documents": [
                    {
                      "id": "2131ccac-3d33-4cf4-8bb9-321646d3ab1d",
                      "score": 0.9978018403053284,
                      "payload": {
                        "file": "337_2307_부산광역시_업무매뉴얼_부산광역시_부산광역시_정보보안업무지침.pdf",
                        "page_num": 11,
                        "group": "내부자료",
                        "parent_text": "제1장 총칙 제1조 (목적) 이 지침은 「국가정보원법」 및 「보안업무규정」, 「사이버안보 업무규정」, 「전자정부법」 등에 따라 부산광역시가 수행하여야 할 정보보안과 관련한 기본업무를 규정함을 목적으로 한다. 제2조 (정의) 이 지침에서 사용하는 용어의 정의는 다음과 같다. 1. “정보보안”이란 정보통신망 및 정보시스템을 통해 수집, 가공, 저장, 검색, 송ᆞ수신 되는 정보의 유출. 위ᆞ변조, 훼손 등을 방지하기 위한 관리적ᆞ물리적ᆞ기술적 수단을 강구하는 일체의 행위를 말하며 「공공기록물 관리에 관한 법률 시행령」제5조에 따른 전자기록물의 보안과 「국가사이버안전관리규정」 제2조제3호에 따른 사이버안전을 포함한다. 2. “정보보안담당관”이란 시본청, 직속기관, 사업소(이하 “시”라 한다)등의 정보보안업무를 총괄하는 사람으로 정보보안 전담조직을 담당하는 부서의 장을 말한다. 3. “분임정보보안담당관”이란 정보보안담당관이 직무를 효율적으로 수행할 수 있도록 부서의 정보보안업무를 수행하는 사람으로 부서의 장을 말한다. 4. “정보화사업담당관”이란 정보통신망 또는 정보시스템을 개발ᆞ구축ᆞ운영ᆞ유지보수하는 사업(이하 “정보화사업”이라 한다)을 추진하는 부서의 장을 말한다. 5. “정보통신망”이란 「사이버안보 업무규정」 제2조제1호에 따른 정보통신망을 말한다. 6. “내부망”이란 부산광역시장(이하 “시장”이라 한다)이 업무수행을 위하여 인터넷과 별도로 분리하여 구축한 업무 전용(專用) 정보통신망을 말한다. 7. “시 인터넷망”이란 시장이 소속 공무원등의 업무 활용 또는 공개 서버 운용을 주(主)목적 으로 인터넷과 연동하여 구축한 정보통신망을 말한다. 7의2. “상용 인터넷망”이란 시장이 기관 인터넷망과 별개로 소속 공무원등이나 민원인 등의 보편적인 편의성을 위하여 인터넷에 연동하여 구축한 정보통신망을 말한다. 8. “정보시스템”이란 「전자정부법」제2조 제13호에 따른 정보시스템을 말한다. 9. “휴대용 저장매체”란 CDᆞ외장형 하드디스크ᆞUSB메모리 등 정보를 저장할 수 있는 것으로 PCᆞ서버 등의 정보시스템과 분리할 수 있는 기억장치를 말한다. 10. “업무자료”라 함은 다음 각 목의 어느 하나에 해당하는 것을 말한다. 가. 「전자정부법」 제2조제6호에 따른 행정정보 및 같은 법 제2조제7호에 따른 전자문서 나. 「공공기록물 관리에 관한 법률 시행령」 제2조제2호에 따른 전자기록물 - 1 -",
                        "text": "제1장 총칙 제1조 (목적) 이 지침은 「국가정보원법」 및 「보안업무규정」, 「사이버안보 업무규정」, 「전자정부법」 등에 따라 부산광역시가 수행하여야 할 정보보안과 관련한 기본업무를 규정함을 목적으로 한다. 제2조 (정의) 이 지침에서 사용하는 용어의 정의는 다음과 같다. 1. “정보보안”이란 정보통신망 및 정보시스템을 통해 수집, 가공, 저장, 검색, 송ᆞ수신 되는 정보의 유출. 위ᆞ변조, 훼손 등을 방지하기 위한 관리적ᆞ물리적ᆞ기술적 수단을 강구하는 일체의 행위를 말하며 「공공기록물 관리에 관한 법률 시행령」제5조에 따른 전자기록물의 보안과 「국가사이버안전관리규정」 제2조제3호에 따른 사이버안전을 포함한다. 2. “정보보안담당관”이란 시본청, 직속기관, 사업소(이하 “시”라 한다)등의 정보보안업무를 총괄하는 사람으로 정보보안 전담조직을 담당하는 부서의 장을 말한다. 3. “분임정보보안담당관”이란 정보보안담당관이 직무를 효율적으로 수행할 수 있도록 부서의 정보보안업무를 수행하는 사람으로 부서의 장을 말한다. 4. “정보화사업담당관”이란 정보통신망 또는 정보시스템을 개발ᆞ구축ᆞ운영ᆞ유지보수하는 사업(이하 “정보화사업”이라 한다)을 추진하는 부서의 장을 말한다. 5. “정보통신망”이란 「사이버안보 업무규정」 제2조제1호에 따른 정보통신망을 말한다. 6. “내부망”이란 부산광역시장(이하 “시장”이라 한다)이 업무수행을 위하여 인터넷과 별도로 분리하여 구축한 업무 전용(專用) 정보통신망을 말한다. 7. “시 인터넷망”이란 시장이 소속 공무원등의 업무 활용 또는 공개 서버 운용을 주(主)목적 으로 인터넷과 연동하여 구축한 정보통신망을 말한다. 7의2. “상용 인터넷망”이란 시장이 기관 인터넷망과 별개로 소속 공무원등이나 민원인 등의 보편적인 편의성을 위하여 인터넷에",
                        "chunk_index": 7,
                        "parent_id": "f7c44057-1a52-42d1-9e6d-9a112fcd7979",
                        "parent_idx": 7,
                        "parent_table_statuses": [
                          0
                        ],
                        "child_idx": 0,
                        "child_table_statuses": [
                          0
                        ],
                        "dept": "정보화정책과",
                        "service": [
                          "정보보안"
                        ],
                        "ner": null,
                        "summary": "",
                        "file_path": "/data/uploads/internal/337_2307_부산광역시_업무매뉴얼_부산광역시_부산광역시_정보보안업무지침.pdf",
                        "retrival_keyword": null,
                        "parent_chunk_length": 674,
                        "child_chunk_length": 512,
                        "file_index": "1261956"
                      }
                    }
                  ]
                },
                {
                  "query": "부산시 사이버 보안 정책",
                  "retrieved_documents": [
                    {
                      "id": "158fadfb-0720-4d91-b8c2-17bed98df2b1",
                      "score": 0.9373788237571716,
                      "payload": {
                        "file": "345_2409_정보화정책과_업무매뉴얼_정보화정책과_부산광역시_사이버안전_위기대응_실무_매뉴얼.pdf",
                        "page_num": 8,
                        "group": "내부자료",
                        "parent_text": "<table border=\"1\" class=\"table table-striped table-hover\"><thead><tr><th>4</th><th>경보 단계별 조치 사항</th></tr></thead><tbody></tbody></table> <table border=\"1\" class=\"table table-striped table-hover\"><thead><tr><th>경보 단계</th><th>단계별 조치 사항</th></tr></thead><tbody><tr><td>관심 단계</td><td>l 입수한 사이버 위협 정보와 사고 발생 신고ü 국가정보원(국가사이버안보센터 ☎02-557-0716, reply@ncsc.go.kr)ü 행정안전부(사이버침해대응지원센터 ☎02-2031-9900, lcsc@klid.or.kr)부산광역시ü (사이버침해대응센터 ☎888-6661~3, bcsc@korea.kr)※ [붙임 2] 신고 [서식 1] 참조l “관심” 경보 발령 접수 즉시 내용 전파ü 직속 기관, 사업소, 구·군과 공사·공단l 자체 ‘긴급대응반’ 운영 준비ü 긴급대응반 운영계획 (반별 인원, 역할, 연락처 등) 수립ü 상급 기관과 긴급대응반 비상 연락망 현행화ü 도입 운영 중인 장비 제조사, 서비스 업체 연락 체계 점검l 기술·관리적 보안대책 시행ü 국가 사이버안보센터 보안 권고문 등 보호 대책 이행 확인ü 요주의 악성코드·해킹기법과 보안 취약점 발표 시 감시 강화ü 업무수행에 불필요한 서비스 차단F 해당 프로세서 실행을 중지시키거나 서비스 포트 차단ü 정보보호시스템, 네트워크 장비 설정 확인F 스위치, 침입차단시스템의 IP, 포트 허용과 차단규칙 확인F 라우터 수신 속도·접속 제한 설정 등l 지속적인 국가정보원 동향 모니터링 (정보공유시스템 활용)l 필요시 대시민 홍보자료 배포 (국가정보원 배포자료 이용)l 상황 조치 결과 통보 ※ [붙임 2] 신고 [서식 3] 참조ü 국가정보원(국가사이버안보센터 ☎02-557-0716, reply@ncsc.go.kr)행정안전부ü (사이버침해대응지원센터 ☎02-2031-9900, lcsc@klid.or.kr)부산광역시ü (사이버침해대응센터 ☎888-6661~3, bcsc@korea.kr)</td></tr><tr><td>주의 단계</td><td>l “관심” 단계 경보 조치 지속적 추진l 기술·관리적 보안대책 시행ü 공격 대상 시스템, 서비스 포트, 스캐닝 감시 강화ü 웜·바이러스, 해킹 등 악성코드의 예상 유입경로 차단l 부산시 사이버침해대응센터는 상급 기관과 협조 강화</td></tr></tbody></table> - 8 -",
                        "text": "0716, reply@ncsc.go.kr)행정안전부ü (사이버침해대응지원센터 ☎02-2031-9900, lcsc@klid.or.kr)부산광역시ü (사이버침해대응센터 ☎888-6661~3, bcsc@korea.kr)</td></tr><tr><td>주의 단계</td><td>l “관심” 단계 경보 조치 지속적 추진l 기술·관리적 보안대책 시행ü 공격 대상 시스템, 서비스 포트, 스캐닝 감시 강화ü 웜·바이러스, 해킹 등 악성코드의 예상 유입경로 차단l 부산시 사이버침해대응센터는 상급 기관과 협조 강화</td></tr></tbody></table> - 8 -",
                        "chunk_index": 11,
                        "parent_id": "b1925cea-b316-4f8f-a2b2-a11fcbcb8b5a",
                        "parent_idx": 7,
                        "parent_table_statuses": [
                          1,
                          1
                        ],
                        "child_idx": 1,
                        "child_table_statuses": [
                          4
                        ],
                        "dept": "정보화정책과",
                        "service": [
                          "IT"
                        ],
                        "ner": null,
                        "summary": "",
                        "file_path": "/data/uploads/internal/345_2409_정보화정책과_업무매뉴얼_정보화정책과_부산광역시_사이버안전_위기대응_실무_매뉴얼.pdf",
                        "retrival_keyword": null,
                        "child_chunk_length": 181,
                        "parent_chunk_length": 693,
                        "file_index": "1261964"
                      }
                    }
                  ]
                },
                {
                  "query": "부산시 정보보호 규정",
                  "retrieved_documents": [
                    {
                      "id": "eaa1ae48-6b58-46ea-b702-0162af9e543a",
                      "score": 0.9997138381004333,
                      "payload": {
                        "file": "316_페이지32_문서6_162615_부산광역시_개인정보_보호_조례.pdf",
                        "page_num": 1,
                        "group": "자치법규정보시스템",
                        "parent_text": "부산광역시 개인정보 보호 조례",
                        "text": "부산광역시 개인정보 보호 조례",
                        "chunk_index": 0,
                        "parent_id": "527b9917-3324-452b-bed4-2e62238b13c1",
                        "parent_idx": 0,
                        "parent_table_statuses": [
                          0
                        ],
                        "child_idx": 0,
                        "child_table_statuses": [
                          0
                        ],
                        "dept": "조직담당관",
                        "service": [],
                        "ner": null,
                        "summary": "",
                        "file_path": "/data/uploads/external/316_페이지32_문서6_162615_부산광역시_개인정보_보호_조례.pdf",
                        "retrival_keyword": null,
                        "child_chunk_length": 6,
                        "parent_chunk_length": 6,
                        "file_index": "1167003"
                      }
                    }
                  ]
                }
              ]
            }
          }
        },
        "_issued_time": "2025-11-20T21:51:21.994000",
        "_duration": 4.787761
      },
      {
        "WAS": "AI Service",
        "STEP": "07_01. LLM WAS 최종답변 생성 API 요청",
        "BODY": {
          "result": "success",
          "detail": {
            "answer": "네, 제가 이해한 바로는 부산광역시에서 제공하는 여러 문서들 중에서 \"보안가이드\"에 대한 정보를 알고 싶으신 것 같아요. 하지만 현재 제공하신 문서 목록에는 구체적인 보안 가이드나 매뉴얼에 대한 직접적인 언급이 보이지 않아요.\n\n그러나 부산광역시에서는 정보보안과 관련된 다양한 지침을 제공하고 있어요. 예를 들어:\n\n- **'부산광역시 정보보안업무지침'**: 이 지침은 부산광역시 내에서 정보보안을 어떻게 수행해야 하는지에 대한 기본적인 원칙과 절차를 담고 있을 가능성이 높아요.\n  \n- **'사이버안전 위기대응 실무 매뉴얼'**: 이 문서는 사이버 위협에 대응하기 위한 구체적인 절차와 방법을 안내하고 있을 거예요.\n\n만약 이러한 문서들에 접근하실 수 있다면, 그 안에서 보안 가이드에 대한 자세한 내용을 찾으실 수 있을 거예요. 또한, 부산광역시 공식 웹사이트나 관련 부서와의 연락을 통해서도 필요한 정보를 얻으실 수 있습니다.\n\n제가 도와드릴 다른 내용이 있으시면 언제든지 말씀해 주세요! 도움이 필요하시면 언제든 말씀해 주세요.",
            "finish_reason": "stop",
            "annotations": [
              {
                "rag_id": [
                  "2131ccac-3d33-4cf4-8bb9-321646d3ab1d",
                  "158fadfb-0720-4d91-b8c2-17bed98df2b1"
                ]
              }
            ],
            "token_count": null,
            "processing_time": 5.04
          }
        },
        "_issued_time": "2025-11-20T21:51:27.150000",
        "_duration": 5.156087
      },
      {
        "WAS": "AI Service",
        "STEP": "07_02. 참고자료있는 경우 추가",
        "BODY": {
          "result": "success",
          "detail": "네, 제가 이해한 바로는 부산광역시에서 제공하는 여러 문서들 중에서 \"보안가이드\"에 대한 정보를 알고 싶으신 것 같아요. 하지만 현재 제공하신 문서 목록에는 구체적인 보안 가이드나 매뉴얼에 대한 직접적인 언급이 보이지 않아요.\n\n그러나 부산광역시에서는 정보보안과 관련된 다양한 지침을 제공하고 있어요. 예를 들어:\n\n- **'부산광역시 정보보안업무지침'**: 이 지침은 부산광역시 내에서 정보보안을 어떻게 수행해야 하는지에 대한 기본적인 원칙과 절차를 담고 있을 가능성이 높아요.\n  \n- **'사이버안전 위기대응 실무 매뉴얼'**: 이 문서는 사이버 위협에 대응하기 위한 구체적인 절차와 방법을 안내하고 있을 거예요.\n\n만약 이러한 문서들에 접근하실 수 있다면, 그 안에서 보안 가이드에 대한 자세한 내용을 찾으실 수 있을 거예요. 또한, 부산광역시 공식 웹사이트나 관련 부서와의 연락을 통해서도 필요한 정보를 얻으실 수 있습니다.\n\n제가 도와드릴 다른 내용이 있으시면 언제든지 말씀해 주세요! 도움이 필요하시면 언제든 말씀해 주세요.\n\n📌 참고링크\nㆍ337_2307_부산광역시_업무매뉴얼_부산광역시_부산광역시_정보보안업무지침.pdf (p.11)\nhttps://busanai.busan.go.kr/download/internal/337_2307_부산광역시_업무매뉴얼_부산광역시_부산광역시_정보보안업무지침.pdf\nㆍ345_2409_정보화정책과_업무매뉴얼_정보화정책과_부산광역시_사이버안전_위기대응_실무_매뉴얼.pdf (p.8)\nhttps://busanai.busan.go.kr/download/internal/345_2409_정보화정책과_업무매뉴얼_정보화정책과_부산광역시_사이버안전_위기대응_실무_매뉴얼.pdf"
        },
        "_issued_time": "2025-11-20T21:51:27.173000",
        "_duration": 0.0233
      },
      {
        "WAS": "AI Service",
        "STEP": "08. DB 최종답변 저장",
        "BODY": {
          "result": "success",
          "detail": null
        },
        "_issued_time": "2025-11-20T21:51:27.219000",
        "_duration": 0.04678
      },
      {
        "WAS": "AI Service",
        "STEP": "09. NAVERWORKS 최종답변 메세지 발신",
        "BODY": {
          "result": "success",
          "detail": null
        },
        "_issued_time": "2025-11-20T21:51:27.519000",
        "_duration": 0.300799
      }
    ]
  }
]